[{"id":40,"title":"Tr\u0103ng m\u00e1u","description":"from api","status":1,"image":"t\u1ea3i xu\u1ed1ng3077.jfif","category_id":6,"genre_id":6,"country_id":2,"phim_hot":1,"ngaycapnhat":"2024-02-21","ngaytao":"2024-02-21","resolution":0,"phude":0,"thoiluong":"120 ph\u00fat","sotap":"1","slug":"trang-mau","tags":"#trangmau","year":null,"view":null,"total_episodes":0,"category":{"id":6,"title":"\u0110\u1ed9c quy\u1ec1n","description":"Phim render tr\u00ean server","status":0,"slug":"doc-quyen"},"genre":{"id":6,"title":"H\u00e0nh \u0110\u1ed9ng","description":"Form API","status":1,"slug":"hanh-dong"},"country":{"id":2,"title":"Trung Qu\u1ed1c","description":"China, Trung Qu\u1ed1c","status":1,"slug":"trung-quoc"}},{"id":39,"title":"\u0110\u1ea5u La \u0110\u1ea1i L\u1ee5c","description":"<p>\u0110\u1ec7 t\u1eed ngo\u1ea1i m\u00f4n \u0110\u01b0\u1eddng Tam c\u1ee7a \u0110\u01b0\u1eddng M\u00f4n, v\u00ec h\u1ecdc tr\u1ed9m b\u00ed k\u00edp c\u1ee7a n\u1ed9i m\u00f4n m\u00e0 b\u1ecb \u0110\u01b0\u1eddng M\u00f4n b\u00e0i x\u00edch, \u0110\u01b0\u1eddng Tam nh\u1ea3y xu\u1ed1ng v\u1ef1c \u0111\u1ec3 t\u1ecf r\u00f5 \u00fd ch\u00ed nh\u01b0ng kh\u00f4ng ch\u1ebft m\u00e0 c\u00f2n \u0111\u01b0\u1ee3c b\u01b0\u1edbc v\u00e0o m\u1ed9t th\u1ebf gi\u1edbi kh\u00e1c v\u1edbi m\u1ed9t th\u00e2n ph\u1eadn kh\u00e1c, m\u1ed9t th\u1ebf gi\u1edbi thu\u1ed9c v\u1ec1 v\u00f5 h\u1ed3n - \u0111\u01b0\u1ee3c g\u1ecdi l\u00e0 \u0110\u1ea5u La \u0110\u1ea1i L\u1ee5c. N\u01a1i n\u00e0y kh\u00f4ng c\u00f3 ma ph\u00e1p, kh\u00f4ng c\u00f3 \u0111\u1ea5u kh\u00ed, kh\u00f4ng c\u00f3 v\u00f5 thu\u1eadt, nh\u01b0ng l\u1ea1i c\u00f3 v\u00f5 h\u1ed3n th\u1ea7n k\u1ef3. \u1ede n\u01a1i n\u00e0y, v\u00e0o l\u00fac 6 tu\u1ed5i, \u0111\u1ec1u s\u1ebd \u1edf trong \u0111i\u1ec7n v\u00f5 h\u1ed3n l\u1ec7nh v\u00f5 h\u1ed3n th\u1ee9c t\u1ec9nh. V\u00f5 h\u1ed3n c\u00f3 \u0111\u1ed9ng v\u1eadt, c\u00f3 th\u1ef1c v\u1eadt, c\u00f3 \u0111\u1ed3 v\u1eadt, ch\u00fang c\u00f3 th\u1ec3 ph\u1ee5 tr\u1ee3 m\u1ecdi ng\u01b0\u1eddi sinh ho\u1ea1t h\u1eb1ng ng\u00e0y. M\u00e0 trong \u0111\u00f3 m\u1ed9t v\u00e0i v\u00f5 h\u1ed3n \u0111\u1eb7c bi\u1ec7t xu\u1ea5t s\u1eafc c\u00f3 th\u1ec3 d\u00f9ng \u0111\u1ec3 tu luy\u1ec7n \u0111\u1ed3ng th\u1eddi c\u00f3 th\u1ec3 ti\u1ebfn h\u00e0nh chi\u1ebfn \u0111\u1ea5u, ch\u1ee9c nghi\u1ec7p n\u00e0y tr\u00ean \u0110\u1ea5u La \u0110\u1ea1i L\u1ee5c l\u00e0 ch\u1ee9c nghi\u1ec7p m\u1ea1nh m\u1ebd nh\u1ea5t, c\u0169ng l\u00e0 vinh quang nh\u1ea5t - H\u1ed3n s\u01b0.<\/p>","status":1,"image":"https:\/\/img.ophim11.cc\/uploads\/movies\/dau-la-dai-luc-thumb.jpg","category_id":4,"genre_id":7,"country_id":2,"phim_hot":0,"ngaycapnhat":"2024-02-21","ngaytao":"2024-02-21","resolution":0,"phude":0,"thoiluong":"20 ph\u00fat\/t\u1eadp","sotap":"??","slug":"dau-la-dai-luc","tags":"Form API","year":"2018","view":"1740","total_episodes":240,"category":{"id":4,"title":"Phim l\u1ebb","description":"Phim ch\u1ec9 c\u00f3 1 t\u1eadp","status":1,"slug":"phim-le"},"genre":{"id":7,"title":"Phi\u00eau L\u01b0u","description":"Form API","status":1,"slug":"phieu-luu"},"country":{"id":2,"title":"Trung Qu\u1ed1c","description":"China, Trung Qu\u1ed1c","status":1,"slug":"trung-quoc"}},{"id":38,"title":"Tr\u00f2 Ch\u01a1i Tr\u00ed M\u1ec7nh","description":"<p><br>Nh\u00e0 thi\u1ebft k\u1ebf tr\u00f2 ch\u01a1i th\u1ef1c t\u1ebf \u1ea3o L\u0103ng C\u1eedu Th\u1eddi quy\u1ebft \u0111\u1ecbnh ngh\u1ec9 vi\u1ec7c v\u00ec c\u00f4ng vi\u1ec7c kh\u00f4ng su\u00f4n s\u1ebb, m\u1ed9t tr\u00f2 ch\u01a1i th\u1eed nghi\u1ec7m \u0111\u00e3 gi\u00fap anh t\u00ecm \u0111\u01b0\u1ee3c ni\u1ec1m vui qu\u00ean \u0111i n\u1ed7i bu\u1ed3n, anh b\u1ea5t ng\u1edd nh\u1eadn \u0111\u01b0\u1ee3c m\u1ed9t \u0111\u0129a game \u0111\u01b0\u1ee3c g\u1eedi t\u1eeb n\u01b0\u1edbc ngo\u00e0i. Sau m\u1ed9t tai n\u1ea1n xe h\u01a1i, anh t\u1edbi m\u1ed9t h\u00e0nh lang v\u1edbi 12 c\u00e1nh c\u1eeda s\u1eaft. Khi b\u01b0\u1edbc v\u00e0o b\u00ean trong, m\u1ed9t ng\u01b0\u1eddi b\u00ed \u1ea9n gi\u00fap anh tho\u00e1t kh\u1ecfi nanh vu\u1ed1t c\u1ee7a b\u1ea7y s\u00f3i trong r\u1eebng n\u00fai tuy\u1ebft, ch\u00e0o \u0111\u00f3n anh \u0111\u1ebfn v\u1edbi th\u1ebf gi\u1edbi c\u1ee7a c\u00e1c c\u00e1nh c\u1eeda. Th\u1ebf gi\u1edbi b\u00ean trong c\u00e1nh c\u1eeda \u0111\u1ea7y r\u1eaby hi\u1ec3m nguy, m\u1ed9t s\u01a1 s\u1ea9y nh\u1ecf c\u0169ng c\u00f3 th\u1ec3 m\u1ea5t m\u1ea1ng. K\u1ebf ti\u1ebfp, L\u0103ng C\u1eedu Th\u1eddi ph\u00e1t hi\u1ec7n m\u1ed9t \u0111i\u1ec1u k\u1ef3 l\u1ea1, r\u1eb1ng khi g\u1eb7p nguy hi\u1ec3m b\u00ean trong c\u00e1nh c\u1eeda v\u00e0 quay tr\u1edf l\u1ea1i th\u1ebf gi\u1edbi b\u00ean ngo\u00e0i, anh c\u0169ng s\u1ebd g\u1eb7p ph\u1ea3i r\u1ee7i ro.<\/p>","status":1,"image":"https:\/\/img.ophim11.cc\/uploads\/movies\/tro-choi-tri-menh-thumb.jpg","category_id":3,"genre_id":4,"country_id":2,"phim_hot":0,"ngaycapnhat":"2024-02-21","ngaytao":"2024-02-21","resolution":0,"phude":0,"thoiluong":"20 ph\u00fat\/t\u1eadp","sotap":"78","slug":"tro-choi-tri-menh","tags":"Form API","year":"2024","view":"3138","total_episodes":78,"category":{"id":3,"title":"Phim b\u1ed9","description":"Phim g\u1ed3m nhi\u1ec1u t\u1eadp","status":1,"slug":"phim-bo"},"genre":{"id":4,"title":"B\u00ed \u1ea9n","description":"Form API","status":1,"slug":"bi-an"},"country":{"id":2,"title":"Trung Qu\u1ed1c","description":"China, Trung Qu\u1ed1c","status":1,"slug":"trung-quoc"}}]